190631;Nguyen Thi Ngoc Yen;yen13@gmail.com;01/03/2001
190632;Tran Ngoc Thuy Nhu;tnhu1909@gmail.com;19/09/2001
190633;Nguyen Thi Anh Thu;thu23@gmai.com;08/12/2001
190634;Quach Thi Bich Du;qtbdu242@gmail.com;15/11/2001
190635;Tran Anh Thu;anhthu2614@gmail.com;09/04/2001
190636;Nguyen Thi Minh Man;mman1604@gmail.com;16/04/2001
190637;Le Trong Nhan;ltn34@gmail.com;17/05/2001
190638;Nguyen Thi Diem Phuc;diemphuc721@gmail.com;21/07/2001
190639;Le Trieu Vy;ltvy1501@gmail.com;15/01/2001
190640;Vo Trong Nguyen;nguyen624@gmail.com;24/06/2001
